"","Boeing","Nordstrom","Starbucks","Microsoft"
"Boeing",0.00647590870940684,0.000869979415820565,0.00347348413848815,0.000692562807428397
"Nordstrom",0.000869979415820565,0.0111209749966972,0.00263612716826764,0.00185028179697483
"Starbucks",0.00347348413848815,0.00263612716826764,0.0202122069950965,0.00113050607031587
"Microsoft",0.000692562807428397,0.00185028179697483,0.00113050607031587,0.0101222108232785
